[
    {
        "question_number": 1,
        "answer": "ترنسمتا"
    },
    {
        "question_number": 2,
        "answer": "دانشگاه آمستردام"
    },
    {
        "question_number": 3,
        "answer": "2"
    },
    {
        "question_number": 4,
        "answer": "ریچارد استالمن"
    },
    {
        "question_number": 5,
        "answer": "وسچستر کانتی"
    },
    {
        "question_number": 6,
        "answer": "لیسپ"
    },
    {
        "question_number": 7,
        "answer": "چین"
    },
    {
        "question_number": 8,
        "answer": "OpenStreetMap"
    },
    {
        "question_number": 9,
        "answer": "آزادی اجرا"
    },
    {
        "question_number": 10,
        "answer": "خیر"
    },
    {
        "question_number": 11,
        "answer": "پوسیͺس"
    },
    {
        "question_number": 12,
        "answer": "سلام"
    },
    {
        "question_number": 13,
        "answer": "بایاس انتخاب"
    },
    {
        "question_number": 14,
        "answer": "برنامهنویسی"
    },
    {
        "question_number": 15,
        "answer": "ناپیدا"
    },
    {
        "question_number": 16,
        "answer": "داشتن روحیهی کنجکاوی"
    }
]